<?xml version="1.0"?>
<!DOCTYPE hibernate-mapping PUBLIC "-//Hibernate/Hibernate Mapping DTD 3.0//EN"
"http://hibernate.sourceforge.net/hibernate-mapping-3.0.dtd">
<hibernate-mapping>
	<class name="com.mydomain.model.User" table="USERS" schema="APP">
		<id name="id" type="int">
			<column name="ID" />
			<generator class="native" />
		</id>
		<property name="name" type="string">
			<column name="NAME" length="100" />
		</property>
		<property name="emailId" type="string">
			<column name="EMAIL_ID" length="100" />
		</property>
		<property name="password" type="string">
			<column name="PASSWORD" length="100" />
		</property>
		<property name="joinDate" type="timestamp">
			<column name="JOIN_DATE" length="29" />
		</property>
		<property name="age" type="java.lang.Integer">
			<column name="AGE" />
		</property>
		<property name="state" type="string">
			<column name="STATE" length="2" />
		</property>
	</class>
</hibernate-mapping>
