<?xml version="1.0" encoding="UTF-8"?>
<!DOCTYPE hibernate-reverse-engineering PUBLIC "-//Hibernate/Hibernate Reverse Engineering DTD 3.0//EN" "http://hibernate.sourceforge.net/hibernate-reverse-engineering-3.0.dtd" >

<hibernate-reverse-engineering>
  <table-filter match-schema="APP" match-name="BILLING_INFO"/>
  <table-filter match-schema="APP" match-name="DOWNLOADABLE_PRODUCTS"/>
  <table-filter match-schema="APP" match-name="ORDERS"/>
  <table-filter match-schema="APP" match-name="PRODUCTS"/>
  <table-filter match-schema="APP" match-name="PRODUCT_ORDER_LNK"/>
  <table-filter match-schema="APP" match-name="SHIPPABLE_PRODUCTS"/>
  <table-filter match-schema="APP" match-name="STUDENTS"/>
  <table-filter match-schema="APP" match-name="USERS"/>
</hibernate-reverse-engineering>