<?xml version="1.0" encoding="UTF-8"?>
<!DOCTYPE hibernate-configuration PUBLIC "-//Hibernate/Hibernate Configuration DTD 3.0//EN"
                                         "http://hibernate.sourceforge.net/hibernate-configuration-3.0.dtd">
<hibernate-configuration>
	<session-factory>
		<property name="hibernate.connection.driver_class">org.apache.derby.jdbc.ClientDriver</property>
		<property name="hibernate.connection.password">app</property>
		<property name="hibernate.connection.url">jdbc:derby://localhost:1527//Users/maruthir/Documents/Training/workspace/CRUD/WebContent/WEB-INF/mydb</property>
		<property name="hibernate.connection.username">APP</property>
		<property name="hibernate.dialect">org.hibernate.dialect.DerbyDialect</property>
		<property name="hibernate.show_sql">true</property>
		<!-- <property name="hibernate.hbm2ddl.auto">create-drop</property> -->
		<!-- <property name="hibernate.multiTenancy">DATABASE</property> <property 
			name="hibernate.multi_tenant_connection_provider">com.mydomain.biz.TenantBasedConnectionProvider</property> -->
		<property name="hibernate.connection.isolation">4</property>
		<property name="hibernate.ejb.event.post-insert">
			org.hibernate.ejb.event.EJB3PostInsertEventListener,org.hibernate.envers.event.AuditEventListener</property>
		<property name="hibernate.ejb.event.post-update">
			org.hibernate.ejb.event.EJB3PostUpdateEventListener,org.hibernate.envers.event.AuditEventListener</property>
		<property name="hibernate.ejb.event.post-delete">
			org.hibernate.ejb.event.EJB3PostDeleteEventListener,org.hibernate.envers.event.AuditEventListener</property>
		<property name="hibernate.ejb.event.pre-collection-update">
			org.hibernate.envers.event.AuditEventListener</property>
		<property name="hibernate.ejb.event.pre-collection-remove">
			org.hibernate.envers.event.AuditEventListener</property>
		<property name="hibernate.ejb.event.post-collection-recreate">
			org.hibernate.envers.event.AuditEventListener</property>

		<property name="hibernate.cache.provider_class">
			org.hibernate.cache.EhCacheProvider
		</property>
		<property name="hibernate.cache.region.factory_class">
			org.hibernate.cache.ehcache.EhCacheRegionFactory</property>

		<mapping resource="com/mydomain/model/BillingInfo.hbm.xml" />
		<mapping resource="com/mydomain/model/Orders.hbm.xml" />
		<mapping resource="com/mydomain/model/Products.hbm.xml" />
		<mapping resource="com/mydomain/model/Users.hbm.xml" />
	</session-factory>
</hibernate-configuration>
