<?xml version="1.0"?>
<!DOCTYPE hibernate-mapping PUBLIC "-//Hibernate/Hibernate Mapping DTD 3.0//EN"
"http://hibernate.sourceforge.net/hibernate-mapping-3.0.dtd">
<hibernate-mapping>
    <class name="com.mydomain.model.BillingInfo" table="BILLING_INFO" schema="APP">
        <id name="id" type="int">
            <column name="ID" />
            <generator class="assigned" />
        </id>
        <property name="orderId" type="int">
            <column name="ORDER_ID" not-null="true" unique="true" />
        </property>
        <property name="billingType" type="string">
            <column name="BILLING_TYPE" length="50" />
        </property>
        <property name="billingAddress" type="string">
            <column name="BILLING_ADDRESS" length="500" />
        </property>
    </class>
</hibernate-mapping>
