<?xml version="1.0"?>
<!DOCTYPE hibernate-mapping PUBLIC "-//Hibernate/Hibernate Mapping DTD 3.0//EN"
"http://hibernate.sourceforge.net/hibernate-mapping-3.0.dtd">
<hibernate-mapping>
	<class name="com.mydomain.model.Orders" table="ORDERS" schema="APP">
		<id name="id" type="int">
			<column name="ID" />
			<generator class="assigned" />
		</id>
		<property name="shipToAddress" type="string">
			<column name="SHIP_TO_ADDRESS" length="500" not-null="true" />
		</property>
		<property name="orderValue" type="java.lang.Integer">
			<column name="ORDER_VALUE" />
		</property>
		<one-to-one name="billingInfo" class="com.mydomain.model.BillingInfo"
			cascade="all" foreign-key="order_id"></one-to-one>
		<many-to-one name="user" column="user_id" 
       			class="com.mydomain.model.Users" not-null="true" />
		<set name="products" table="PRODUCT_ORDER_LNK">
			<key column="order_id" />
			<many-to-many column="product_id" class="com.mydomain.model.Products" />
		</set>
	</class>
</hibernate-mapping>
