<?xml version="1.0"?>
<!DOCTYPE hibernate-mapping PUBLIC "-//Hibernate/Hibernate Mapping DTD 3.0//EN"
"http://hibernate.sourceforge.net/hibernate-mapping-3.0.dtd">
<hibernate-mapping>
	<class name="com.mydomain.model.Products" table="PRODUCTS"
		schema="APP">
		<id name="id" type="int">
			<column name="ID" />
			<generator class="native" />
		</id>
		<version column="version" name="version" type="int" insert="true" />
		<property name="productName" type="string">
			<column name="PRODUCT_NAME" length="500" not-null="true" />
		</property>
		<property name="productPrice" type="big_decimal">
			<column name="PRODUCT_PRICE" precision="10" />
		</property>
		<set name="orders" table="PRODUCT_ORDER_LNK">
			<key column="product_id" />
			<many-to-many column="order_id" class="com.mydomain.model.Orders" />
		</set>
		<joined-subclass name="com.mydomain.model.ShippableProducts"
			table="SHIPPABLE_PRODUCTS">
			<key column="product_id"></key>
			<property name="productWeight" type="big_decimal">
				<column name="PRODUCT_WEIGHT" precision="10" />
			</property>
			<property name="shippingCost" type="big_decimal">
				<column name="SHIPPING_COST" precision="10" />
			</property>
		</joined-subclass>
		<joined-subclass name="com.mydomain.model.DownloadableProducts"
			table="DOWNLOADABLE_PRODUCTS">
			<key column="product_id"></key>
			<property name="downloadSize" type="big_decimal">
				<column name="DOWNLOAD_SIZE" precision="10" />
			</property>
			<property name="downloadLink" type="string">
				<column name="DOWNLOAD_LINK" length="500" />
			</property>
		</joined-subclass>

	</class>
</hibernate-mapping>
