<?xml version="1.0"?>
<!DOCTYPE hibernate-mapping PUBLIC "-//Hibernate/Hibernate Mapping DTD 3.0//EN"
"http://hibernate.sourceforge.net/hibernate-mapping-3.0.dtd">
<hibernate-mapping>
    <class name="com.mydomain.model.Students" table="STUDENTS" schema="APP">
        <id name="id" type="int">
            <column name="ID" />
            <generator class="assigned" />
        </id>
        <property name="name" type="string">
            <column name="NAME" length="24" not-null="true" />
        </property>
        <property name="address" type="string">
            <column name="ADDRESS" length="1024" />
        </property>
    </class>
</hibernate-mapping>
