<?xml version="1.0" encoding="UTF-8"?>
<!DOCTYPE hibernate-configuration PUBLIC "-//Hibernate/Hibernate Configuration DTD 3.0//EN"
                                         "http://hibernate.sourceforge.net/hibernate-configuration-3.0.dtd">
<hibernate-configuration>
 <session-factory>
  <property name="hibernate.connection.driver_class">org.apache.derby.jdbc.ClientDriver</property>
  <property name="hibernate.connection.password">app</property>
  <property name="hibernate.connection.url">jdbc:derby://localhost:1527//Users/maruthir/Documents/Training/workspace/CRUD/WebContent/WEB-INF/mydb</property>
  <property name="hibernate.connection.username">APP</property>
  <property name="hibernate.dialect">org.hibernate.dialect.DerbyDialect</property>
  <property name="hibernate.show_sql">false</property>
  <mapping resource="com/mydomain/model/Users.hbm.xml"/>
 </session-factory>
</hibernate-configuration>
