<?xml version="1.0" encoding="UTF-8"?>
<hazelcast xsi:schemaLocation="http://www.hazelcast.com/schema/config hazelcast-config-3.5.xsd"
           xmlns="http://www.hazelcast.com/schema/config"
           xmlns:xsi="http://www.w3.org/2001/XMLSchema-instance">
    <network>
        <port>5703</port>
        <join>
            <multicast enabled="true">
                <multicast-group>224.2.2.3</multicast-group>
                <multicast-port>54327</multicast-port>
            </multicast>
            <tcp-ip enabled="false">
                <member-list>
                    <member>192.168.99.100</member>
                </member-list>
            </tcp-ip>
        </join>
        <interfaces enabled="false">
            <interface>192.168.99.100</interface>
        </interfaces>
    </network>
</hazelcast>