<?xml version="1.0"?>
<!DOCTYPE hibernate-mapping PUBLIC "-//Hibernate/Hibernate Mapping DTD 3.0//EN"
"http://hibernate.sourceforge.net/hibernate-mapping-3.0.dtd">
<hibernate-mapping>
	<class name="com.mydomain.model.Orders" table="ORDERS" schema="APP">
		<id name="id" type="int">
			<column name="ID" />
			<generator class="native" />
		</id>
		<property name="shipToAddress" type="string">
			<column name="SHIP_TO_ADDRESS" length="500" not-null="true" />
		</property>
		<property name="orderValue" type="java.lang.Integer">
			<column name="ORDER_VALUE" />
		</property>
		<!--  <property name="userId" type="java.lang.Integer">
			<column name="USER_ID" />
		</property> -->
		
	</class>
</hibernate-mapping>
