<?xml version="1.0" encoding="UTF-8"?>
<beans xmlns="http://www.springframework.org/schema/beans"
	xmlns:xsi="http://www.w3.org/2001/XMLSchema-instance" xmlns:p="http://www.springframework.org/schema/p"
	xmlns:context="http://www.springframework.org/schema/context"
	xmlns:aop="http://www.springframework.org/schema/aop"
	xsi:schemaLocation="http://www.springframework.org/schema/beans
        http://www.springframework.org/schema/beans/spring-beans.xsd
        http://www.springframework.org/schema/context
        http://www.springframework.org/schema/context/spring-context-3.1.xsd
        http://www.springframework.org/schema/aop 
        http://www.springframework.org/schema/aop/spring-aop.xsd"
	default-lazy-init="true">

	<!--  <bean class="com.mydomain.security.SecurityBeanPostProcessor"></bean> -->
	
	<context:component-scan base-package="com.mydomain.*" />
	<context:annotation-config />
	<aop:aspectj-autoproxy/>
	
	<!--  
	<aop:config>
		<aop:advisor
			pointcut="com.mydomain.aop.PointCutStore.allSecureMethods()"
			advice-ref="authAdvice" />
	</aop:config> 
	-->
	
	<!-- Secure Bean Setup -->
	<bean name="dao" class="com.mydomain.dao.UserDaoImpl">
		<lookup-method name="getCon" bean="connection"/>
	</bean>
	
	
	<bean name="connection" class="com.mydomain.aop.CustomTxConnectionFactory" scope="prototype">
	</bean>
	
	<bean name="customTxMgr" class="com.mydomain.aop.CustomTxManager">
		<property name="driverClass"><value>org.apache.derby.jdbc.ClientDriver</value></property>
		<property name="connectionUrl"><value>jdbc:derby://localhost:1527//Users/maruthir/Documents/Training/workspace/CRUD/WebContent/WEB-INF/mydb</value></property>
	</bean>
	
	<bean name="secureDao" class="com.mydomain.security.AuthProxyFactory">
		<property name="beanToSecure" ref="dao"></property>
	</bean>
	
	
	<!--  <bean id="authenticatedDao" name="authenticatedDao" class="com.mydomain.security.ClientProxyFactory">
		<property name="secureBean" ref="dao"></property>
	</bean>
	-->
	
	<bean class="org.springframework.remoting.rmi.RmiServiceExporter">
	    <!-- does not necessarily have to be the same name as the bean to be exported -->
	    <property name="serviceName" value="UserDao"/>
	    <property name="service" ref="dao"/>
	    <property name="serviceInterface" value="com.mydomaim.biz.UserDaoRemote"/>
	    <!-- defaults to 1099 --> 
	    <property name="registryPort" value="1199"/>
	    <property name="alwaysCreateRegistry" value="true"/>
	</bean>

	<bean id="userManagerRemote" class="org.springframework.remoting.httpinvoker.HttpInvokerProxyFactoryBean">
	    <property name="serviceUrl" value="http://localhost:8080/WebApp/action/UserManagerService"/>
	    <property name="serviceInterface" value="com.mydomain.service.UserManagerRemote"/>
	</bean>

</beans>