<?xml version="1.0" encoding="UTF-8"?>
<beans xmlns="http://www.springframework.org/schema/beans"
	xmlns:xsi="http://www.w3.org/2001/XMLSchema-instance" xmlns:p="http://www.springframework.org/schema/p"
	xmlns:context="http://www.springframework.org/schema/context"
	xmlns:aop="http://www.springframework.org/schema/aop"
	xsi:schemaLocation="http://www.springframework.org/schema/beans
        http://www.springframework.org/schema/beans/spring-beans.xsd
        http://www.springframework.org/schema/context
        http://www.springframework.org/schema/context/spring-context-3.1.xsd
        http://www.springframework.org/schema/aop 
        http://www.springframework.org/schema/aop/spring-aop.xsd"
	default-lazy-init="true">


	<context:component-scan base-package="com.mydomain.*" />
	<context:annotation-config />
	<aop:aspectj-autoproxy />

	<bean id="integClient" class="com.mydomain.integ.IntegClient">
		<property name="userManager" ref="userManager"></property>
	</bean>
	<bean id="userManager" class="org.springframework.remoting.rmi.RmiProxyFactoryBean">
		<property name="serviceUrl" value="rmi://localhost:1199/UserManager" />
		<property name="serviceInterface" value="com.mydomain.service.UserManagerRemote" />
	</bean>
</beans>