<?xml version="1.0" encoding="UTF-8"?>
<ejb-jar xmlns="http://java.sun.com/xml/ns/javaee" xmlns:xsi="http://www.w3.org/2001/XMLSchema-instance"
	xsi:schemaLocation="http://java.sun.com/xml/ns/javaee
                            http://java.sun.com/xml/ns/javaee/ejb-jar_3_1.xsd"
	version="3.1">
	<description>Enterprise JavaBeans 3.1</description>
	<display-name>Enterprise JavaBeans 3.1</display-name>
	<assembly-descriptor>
		<!-- Default interceptor that will apply to all methods for all beans in 
			deployment -->
		<interceptor-binding>
			<ejb-name>*</ejb-name>
			<interceptor-class>com.mydomain.MyInterceptor</interceptor-class>
		</interceptor-binding>
	</assembly-descriptor>
</ejb-jar>